item,qty,required,notes
Raspberry Pi 4 Model B 4GB,1,yes,"Standard v0 compute; 1080p30 H.264 encoder"
High-endurance microSD 32GB or 64GB,1,yes,"Pre-imaged Yaver OS/agent"
5V 3A USB-C power supply,1,yes,"Quality regulated supply; regional plug SKU"
Raspberry Pi 4 heatsink set,1,yes,"Required inside printed enclosure"
UVC USB HDMI capture card,1,yes,"Production SKU dimensions must be entered in enclosure SCAD"
M5Stack AtomS3U,1,yes,"Factory-flashed Yaver physical KVM firmware"
Short USB 3 extension cable,1,yes,"Capture card to Pi; avoid connector stress"
Panel USB-A extension cable,1,yes,"AtomS3U HID connection to target PC"
Panel HDMI extension cable,1,yes,"Target PC HDMI output to capture-card input"
M2.5 Pi screws,4,yes,"Pi mounting"
M3 lid screws + heat-set inserts,4,yes,"Serviceable lid"
Printed PETG base and lid,1,yes,"Ventilated; do not use low-temperature PLA for retail units"
Ethernet cable,1,no,"Recommended for lowest-latency managed tunnel"
